<assembly xmlns="http://maven.apache.org/POM/4.0.0" xmlns:xsi="http://www.w3.org/2001/XMLSchema-instance"
	xsi:schemaLocation="http://maven.apache.org/POM/4.0.0 http://maven.apache.org/xsd/assembly-1.0.0.xsd">
	<id>package-zip</id>
	<formats>
		<format>zip</format>
	</formats>
	<includeBaseDirectory>false</includeBaseDirectory>
	<fileSets>
		<fileSet>
			<directory>src/main/sh/shell1</directory>
			<outputDirectory>server1/bin</outputDirectory>
			<lineEnding>unix</lineEnding>
		</fileSet>
		<fileSet>
			<directory>src/main/sh/shell2</directory>
			<outputDirectory>server2/bin</outputDirectory>
			<lineEnding>unix</lineEnding>
		</fileSet>
		<fileSet>
			<directory>src/main/sh/shell3</directory>
			<outputDirectory>server3/bin</outputDirectory>
			<lineEnding>unix</lineEnding>
		</fileSet>
		<fileSet>
			<directory>src/main/sh/shell4</directory>
			<outputDirectory>server4/bin</outputDirectory>
			<lineEnding>unix</lineEnding>
		</fileSet>
	</fileSets>
	<files>
		<file>
			<source>src/main/resources/config/config1.properties</source>
			<filtered>true</filtered>
			<outputDirectory>server1/config</outputDirectory>
		</file>
		<file>
			<source>src/main/resources/config/config2.properties</source>
			<filtered>true</filtered>
			<outputDirectory>server2/config</outputDirectory>
		</file>
		<file>
			<source>src/main/resources/config/config3.properties</source>
			<filtered>true</filtered>
			<outputDirectory>server3/config</outputDirectory>
		</file>
		<file>
			<source>src/main/resources/config/config4.properties</source>
			<filtered>true</filtered>
			<outputDirectory>server4/config</outputDirectory>
		</file>
		<file>
			<source>src/main/resources/log4j.xml</source>
			<outputDirectory>config</outputDirectory>
			<filtered>true</filtered>
		</file>
		<file>
			<source>src/main/resources/spring-config-redis.xml</source>
			<outputDirectory>config</outputDirectory>
			<filtered>true</filtered>
		</file>
		<file>
			<source>src/main/resources/spring-config-safservice-client.xml</source>
			<outputDirectory>config</outputDirectory>
			<filtered>true</filtered>
		</file>
		<file>
			<source>src/main/resources/spring-config.xml</source>
			<outputDirectory>config</outputDirectory>
			<filtered>true</filtered>
		</file>
		<file>
			<source>src/main/keystore/EventServerKeyStore</source>
			<outputDirectory>config</outputDirectory>
			<filtered>false</filtered>
		</file>
	</files>
	<dependencySets>
		<dependencySet>
			<outputDirectory>lib</outputDirectory>
			<scope>runtime</scope>
		</dependencySet>
	</dependencySets>
</assembly>