<?xml version='1.0' encoding='UTF-8' ?>
<!DOCTYPE log4j:configuration SYSTEM "log4j.dtd">

<log4j:configuration xmlns:log4j="http://jakarta.apache.org/log4j/">
    
    <appender name="CONSOLE" class="org.apache.log4j.ConsoleAppender">
        <layout class="org.apache.log4j.PatternLayout">
            <param name="ConversionPattern" value="[%5p] [%d{yyyy-MM-dd HH:mm:ss SSS}] [%t] (%F:%L) %m%n"/>
        </layout>
    </appender>
    
    <appender name="FILE" class="com.jd.smartcloud.log.JSmartDailyRollingFileAppender">
        <param name="DatePattern" value="'.'yyyy-MM-dd"/>
        <param name="Append" value="true"/>
        <param name="file" value="/export/Logs/event_server.jd.com/eventserver_${instanceId}.log"/>
        <layout class="org.apache.log4j.PatternLayout">
            <param name="ConversionPattern" value="[%5p] [%d{yyyy-MM-dd HH:mm:ss SSS}] [%t] (%F:%L) %m%n"/>
        </layout>
        <filter class="org.apache.log4j.varia.LevelRangeFilter">
            <param name="LevelMin" value="${smart.log.level}"/>
            <!--<param name="LevelMax" value="FATAL "/>-->
        </filter>
    </appender>
    
     <appender name="FILE_DEVICE_CONTROLL" class="com.jd.smartcloud.log.JSmartDailyRollingFileAppender">
        <param name="Encoding" value="UTF-8"/>
        <param name="File" value="/export/Logs/event_server.jd.com/eventserver_${instanceId}_device_statistic.log"/> 
        <layout class="org.apache.log4j.PatternLayout">
            <param name="ConversionPattern" value="[%5p] [%d{yyyy-MM-dd HH:mm:ss SSS}] [%t] [%M] (%F:%L) %m%n"/>
        </layout>
    </appender>
    
 	<category name="com.jd.smartcloud.common.StaticLogger" additivity="false">  
        <priority value="${smart.log.level}"/>  
        <appender-ref ref="FILE_DEVICE_CONTROLL"/>
    </category>
    
<!--     
    <appender name="USER_FILE" class="org.apache.log4j.DailyRollingFileAppender">
        <param name="DatePattern" value="'.'yyyy-MM-dd"/>
        <param name="Append" value="true"/>
        <param name="file" value="${smart.log.path}/Log.log"/>
        <layout class="org.apache.log4j.PatternLayout">
            <param name="ConversionPattern" value="%d{yyyy-MM-dd HH:mm} -%m \n"/>
        </layout>
        <filter class="org.apache.log4j.varia.LevelRangeFilter">
            <param name="LevelMin" value="INFO"/>
        </filter>
    </appender> -->

    <category name="com.jd" additivity="false">
        <priority value="${smart.log.level}"/>
        <appender-ref ref="FILE"/>
    </category>
    
    <root>
        <priority value="${smart.log.level}"/>
        <appender-ref ref="CONSOLE"/>
    </root>
</log4j:configuration>
